{
    "login" : "Login",
    "email" : "Email",
    "password" : "Password",
    "did_u_forget_your_pasword" : "Did you forget your password?",
    "u_dnt_have_account":"You do not have an account?",
    "register":"Register",

    "signup":"Signup",
    "username":"Username",
    "address":"Address",
    "mobile_number":"Mobile Number",
    "gender":"Gender",
    "d_o_b":"Date Of Birth",
    "confirm_password":"Confirm Password",
    "already_have_account":"Already have an account?",
    "return_signin":"Return to Sign In",

    "recover_pasword":"Recover password",
    "recovery_email":"Send Recovery Email",
    "remember_password":"Do you remember password?",

    "resend_email":"Resend Email",
    "verified":"Already Verified?",

    "dashboard":"Dashboard",
    "summary":"Summary",
    "profile":"Profile",
    "my_profile":"My Profile",
    "my_card":"My Card",
    "transaction":"Transactions",
    "create_card":"Create Card",
    "craetion_steps":"Card Creation Steps",
    "kyc_verification":"Kyc Verifiction",
    "log_out":"Logout",
    "all_users":"All Users",
    "requested_card":"Requested Cards List",
    "support_chat":"Support Chat",

    "personal_info":"Personal information",
    "edit_info":"Edit Information",
    "change_password":"Change Password",
    "go_out":"Go Out",
    "user_name":"Username",
    "telephone":"Telephone",
    "status":"Status",
    "update_info":"Update Information",
    "current_password":"Current Password",
    "new_password":"New Password",
    "to_update":"To Upate",

    "kyc_note":"Note: Remember! The First Name and Last Name entered into this KYC form must be the same as on your Original Document. Also it will be displayed on your Card.",
    "first_name":"First Name",
    "last_name":"Last Name",
    "doc_num":"Document No.",
    "doc_type":"Document Type",
    "national_id":"National ID",
    "country":"Country",
    "kyc_steps ":"You must complete the following Veriff KYC Steps to ensure your verification",
    "kyc_scan":"*Properly Scan All Document Images",
    "kyc_selfie":"* Must Take Selfie (If Required By Veriff)",
    "kyc_btn":"* Must Click On The Continue Button At The Last",

    "kyc_fill_form_notes":"Your Kyc Has Not Been Verified, Kindly Fill The Verification Form For Submission Of Kyc Approval Request.",
    "verification_form":"Verification Form",
    "card_info":"Cards Information",
    "card_list":"Transaction Card List",

"containers/pages/viewveriffkyc,/sectionTimeout":"111111",
    "kyc_data":"Kyc Data",



    "kc_rejected_by_admin":"Your Kyc has been Rejected by Admin.Kindly Request Again for Kyc",
    "label_html_image":"Image",
    "wait_for_admin_approve":"Kindly Wait for the Admin to Approve your Requested Kyc",
    "approved_successfully":"Your Kyc has been Approved Successfully!",
    "error_in_kyc":"There is some error in Kyc Form",



    "email_alrady_verified":"Email Has Already Been Verified",



    "verificación_kyc":"verificación kyc",
    "complete_verification_steps":"You must complete the following Veriff KYC Steps to ensure your verification",
    "limits_kyc_attempts":"Limit of KYC Attempts Has Been Reached!",




    "resend_varification_email":"Resend Verification Email - Quikipay",
    "section_timmeout":"Section TimeOut",
    "note":"Note:",
    "code_for_demo_purpose":"The code is for demo purposes, you can configure it like you want to. If you don't want a session timeout you can just make a keep alive call from time to time. :) You can find more information looking at source code or at our extensive documentation.",



"/components/card,/chart":"2222222222",

    "apex_chart_title":"ApexChart",
    "radial_chart_title":"Radial Chart",
    "pie_chart_title":"Pie Chart",
    "radar_chart_title":"Radar Chart",
    "line_chart_title":"Line Chart",
    "candle_strike_title":"Candle Stike Chart",
    "bubble_chart_title":"Bubble Chart",
    "chart_js_title":"Chart Js",
    "bar_chart_title":"Bar Chart",
    "spaider_chart_title":"Spaider Chart",





    "hight_chart":"HeightChart",
    "title_series":"Time series",
    "title_range":"Area Range",
    "title_spline":"Spline with plot bands",
    "column_chart":"Column Chart",
    "3d_chart":"3D Pie Chart",


    "react_vis":"React Vis",
    "title_line_chart":"Line Series Chart",
    "title_color_chart":"Line Series Color Chart",
    "re_chart":"ReChart",
    "title_tooltip":"Bar Chart With Custom Tooltip",
    "title_area":"Area Chart",
    "composed_chart":"Composed Chart",
    "title_gradient":"Gradient Chart Demo",
    "title_scatter":"Scatter Chart",


    "components/topHeader,/sidenavbar":"22222",

      "components/Tables/VeriffKycData":"",
    "kyc_info":"Kyc Information",
    "doc_numb":"Document Number",
    "doc_front":"Document Front",
    "doc_back":"Document Back",
    "face_img":"Face Image",



       "components/Tables/UserTable":"5555555555",
    "title_list":"User List",


    "components/Tables/TransactionTable":"66666666",


    "components/Tables/TransactionDataTable":"888888",


    "title_transition":"Transaction Data List",




    "h5_kyc_approve":"Kindly Wait for the System to Approve your Requested Kyc!",
    "kyc_limits":"Also you have reached KYC limits",
    "h5_kyc_not_approve":"Your kyc is not approved by system you have",
    "reason":"Reason:",
    "ky_not_comp":"Your Kyc is not completed, May be you closed VERIFF kyc page, please reverify yourself",
    "err_kyc":"There is some error in Kyc Form"







}