
{

    "login" : "Iniciar Sesión", 
    "password" : "Clave",
    "did_u_forget_your_pasword":"Olvidaste tu contraseña?",
    "u_dnt_have_account":"no tienes cuenta?",
    "register":"Registro",

    "signup":"Regístrate",
    "username":"Nombre de usuario",
    "email":"Correo electrónico",
    "address":"Dirección",
    "mobile_number":"Número de teléfono móvil",
    "gender":"Género",
    "d_o_b":"Fecha de cumpleaños",
    "confirm_password":"confirmar Contraseña",
    "already_have_account":"Ya tienes una cuenta?",
    "return_signin":"Volver a iniciar sesión",

    "recover_pasword":"Recuperar contraseña",
    "recovery_email":"Enviar correo electrónico de recuperación",
    "remember_password":"Recuerdas la contraseña?",

    "resend_email":"Reenviar email",
    "verified":"Ya verificado?",

    "dashboard":"Panel",
    "summary":"Resumen",
    "profile":"Perfil",
    "my_profile":"Mi perfil",
    "my_card":"Mi tarjeta",
    "transaction":"Actas",
    "create_card":"Plastico Nuevo",
    "craetion_steps":"Pasos de creación de tarjetas",
    "kyc_verification":"Verificación Kyc",
    "log_out":"Cerrar sesión",
    "all_users":"Todos los usuarios",
    "requested_card":"Lista de tarjetas solicitadas",
    "support_chat":"Charla de soporte",

    "personal_info":"Informacion personal",
    "edit_info":"editar informacion",
    "change_password":"Cambia la contraseña",
    "go_out":"Salir",
    "user_name":"Nombre de usuario",
    "telephone":"Teléfono",
    "status":"Estado",
    "update_info":"Actualizar información",
    "current_password":"contraseña actual",
    "new_password":"Nueva contraseña",
    "to_update":"Actualizar",

    "kyc_note":"Nota: ¡Recuerda! El nombre y el apellido ingresados ​​en este formulario KYC deben ser los mismos que en su documento original. También se mostrará en su Tarjeta.",
    "first_name":"Primer nombre",
    "last_name":"Apellido",
    "doc_num":"Documento núm.",
    "doc_type":"Tipo de Documento",
    "national_id":"Identificación nacional",
    "country":"País",
    "kyc_steps":"Debe completar los siguientes pasos Veriff KYC para garantizar su verificación",
    "kyc_scan":"*Escanear correctamente todas las imágenes de documentos",
    "kyc_selfie":"* Debe tomar Selfie (si lo requiere Veriff)",
    "kyc_btn":"* Debe hacer clic en el botón Continuar en el último",

    "kyc_fill_form_notes":"Su Kyc no ha sido verificado, complete el formulario de verificación para enviar la solicitud de aprobación de Kyc.",
    "verification_form":"Formulario de verificación",
    "card_info":"Información de tarjetas",
    "card_list":"Lista de tarjetas de transacciones",

    "// containers/pages/viewveriffkyc,/sectionTimeout":"",


    "kyc_data":"Datos Kyc",



    "kc_rejected_by_admin":"Su Kyc ha sido rechazado por el administrador. Solicite nuevamente Kyc",
    "label_html_image":"Imagen",
    "wait_for_admin_approve":"Espere amablemente a que el administrador apruebe su Kyc solicitado",
    "approved_successfully":"Su Kyc ha sido aprobado con éxito!",
    "error_in_kyc":"Hay algún error en el formulario Kyc",


    "email_alrady_verified":"El correo electrónico ya ha sido verificado",



    "verificación_kyc":"verificación kyc",
    "complete_verification_steps":"Debe completar los siguientes pasos Veriff KYC para garantizar su verificación",
    "limits_kyc_attempts":"Se ha alcanzado el límite de intentos de KYC!",


    "resend_varification_email":"Reenviar Correo Electrónico De Verificación - Quikipay",
    "section_timmeout":"Tiempo de espera de la sección",
    "note":"Nota:",
    "code_for_demo_purpose":"El código es para fines de demostración, puede configurarlo como desee. Si no desea que se agote el tiempo de espera de la sesión, puede realizar una llamada de mantenimiento de vez en cuando. :) Puede encontrar más información consultando el código fuente o nuestra extensa documentación.",

    
    "components/card,/chart":"000000000",
    "apex_chart_title":"Gráfico de Apex",
    "radial_chart_title":"Gráfico radial",
    "pie_chart_title":"Gráfico circular",
    "radar_chart_title":"Carta de radar",
    "line_chart_title":"Gráfico de linea",
    "candle_strike_title":"Gráfico de velas",
    "bubble_chart_title":"Gráfico de burbujas",
    "chart_js_title":"Gráfico J",
    "bar_chart_title":"Gráfico de barras",
    "spaider_chart_title":"Gráfico de araña",



    
    "hight_chart":"Gráfico de altura",
    "title_series":"Series de tiempo",
    "title_range":"Rango de área",
    "title_spline":"Spline con bandas gráficas",
    "column_chart":"Gráfico de columnas",
    "3d_chart":"Gráfico circular 3D",


    "react_vis":"Reaccionar Vis",
    "title_line_chart":"Gráfico de serie de líneas",
    "title_color_chart":"Tabla de colores de la serie de líneas",
    "re_chart":"Regraficar",
    "title_tooltip":"Gráfico de barras con información sobre herramientas personalizada",
    "title_area":"Gráfico de área",
    "composed_chart":"Gráfico compuesto",
    "title_gradient":"Demostración de gráfico de degradado",
    "title_scatter":"Gráfico de dispersión",



    "components/topHeader,/sidenavbar":"22222",

    "components/Tables/VeriffKycData":"",

    "kyc_info":"Información Kyc",
    "doc_numb":"Número del Documento",
    "doc_front":"Frente del documento",
    "doc_back":"Documento posterior",
    "face_img":"Imagen de la cara",



    
    "components/Tables/UserTable":"5555555555",
    "title_list":"Lista de usuarios",

    "components/Tables/TransactionTable":"66666666",

    
    "components/Tables/TransactionDataTable":"888888",


    "title_transition":"Lista de datos de transacciones",






    "h5_kyc_approve":"Espere amablemente a que el sistema apruebe su Kyc solicitado!",
    "kyc_limits":"También ha alcanzado los límites de KYC",
    "h5_kyc_not_approve":"Su kyc no está aprobado por el sistema que tiene",
    "reason":"Razón:",
    "ky_not_comp":"Su Kyc no está completo, es posible que haya cerrado la página VERIFF kyc, vuelva a verificarlo",
    "err_kyc":"Hay algún error en el formulario Kyc"


}